quotation_num,installment_number,due_date,installment_amount,payment_date,payment_amount,late_fee,total_paid,payment_proof,payment_status,order_number
FQ2508-00787,1,20250801,2398,,,0,2398.0,,ยังไม่ชำระ,
FQ2508-00787,2,20250901,2398,,,0,2398.0,,ยังไม่ชำระ,
FQ2508-00787,3,20251001,2398,,,0,2398.0,,ยังไม่ชำระ,
FQ2508-00796,1,20250801,2769,,,0,2769.0,,ยังไม่ชำระ,
FQ2508-00796,2,20250901,2769,,,0,2769.0,,ยังไม่ชำระ,
FQ2508-00796,3,20251001,2769,,,0,2769.0,,ยังไม่ชำระ,
FQ2508-00796,4,20251101,2769,,,0,2769.0,,ยังไม่ชำระ,
FQ2508-00811,1,20250801,1196,,,0,1196.0,,ยังไม่ชำระ,
FQ2508-00811,2,20250901,550,,,0,550.0,,ยังไม่ชำระ,
FQ2508-00811,3,20251001,550,,,0,550.0,,ยังไม่ชำระ,
FQ2508-00811,4,20251101,550,,,0,550.0,,ยังไม่ชำระ,
FQ2508-00811,5,20251201,550,,,0,550.0,,ยังไม่ชำระ,
FQ2508-00811,6,20260101,550,,,0,550.0,,ยังไม่ชำระ,
FQ2508-00811,7,20260201,550,,,0,550.0,,ยังไม่ชำระ,
FQ2508-00811,8,20260301,550,,,0,550.0,,ยังไม่ชำระ,
FQ2508-00811,9,20260401,550,,,0,550.0,,ยังไม่ชำระ,
FQ2508-00811,10,20260501,550,,,0,550.0,,ยังไม่ชำระ,
FQ2508-00813,1,20250801,1051,,,0,1051.0,,ยังไม่ชำระ,
FQ2508-00813,2,20250901,1051,,,0,1051.0,,ยังไม่ชำระ,
FQ2508-00813,3,20251001,1051,,,0,1051.0,,ยังไม่ชำระ,
FQ2508-00813,4,20251101,1051,,,0,1051.0,,ยังไม่ชำระ,
FQ2508-00813,5,20251201,1051,,,0,1051.0,,ยังไม่ชำระ,
FQ2508-00813,6,20260101,1051,,,0,1051.0,,ยังไม่ชำระ,
FQ2508-00823,1,20250801,1790,,,0,1790.0,,ยังไม่ชำระ,
FQ2508-00823,2,20250901,1790,,,0,1790.0,,ยังไม่ชำระ,
FQ2508-00823,3,20251001,1790,,,0,1790.0,,ยังไม่ชำระ,
FQ2508-00823,4,20251101,1790,,,0,1790.0,,ยังไม่ชำระ,
FQ2508-00823,5,20251201,1790,,,0,1790.0,,ยังไม่ชำระ,
FQ2508-00823,6,20260101,1790,,,0,1790.0,,ยังไม่ชำระ,
FQ2508-00823,7,20260201,1790,,,0,1790.0,,ยังไม่ชำระ,
FQ2508-00823,8,20260301,1790,,,0,1790.0,,ยังไม่ชำระ,
FQ2508-00823,9,20260401,1790,,,0,1790.0,,ยังไม่ชำระ,
FQ2508-00823,10,20260501,1790,,,0,1790.0,,ยังไม่ชำระ,
